id,OT,occ_total,l_exc_occ,l_exc_nonocc,steering_amp,TLC_model_ALL,TLC_before_occ,TLC_after_occ,OTTLC,occ_per_10sec,l_exc_10sec,speed,group,filter_$
1,2.689,18,0,0,.001,9.185,11.795,7.355,10.044,3,0,1,1, 
2,2.75,18,0,0,.001,9.592,8.371,8.172,10.922,3,0,1,1, 
3,2.706,18,0,0,.001,10.006,12.553,8.231,10.937,3,0,1,1, 
4,2.694,18,0,0,.001,9.278,6.947,12.698,15.392,3,0,1,1, 
5,2.717,18,0,0,.001,10.145,8.599,10.146,12.863,3,0,1,1, 
6,2.678,18,1,0,.001,9.089,10.054,10.039,12.717,3,.166666666666667,1,1, 
7,2.683,18,0,0,.001,9.585,6.565,11.866,14.549,3,0,1,1, 
8,2.694,18,0,0,.001,9.468,7.494,14.192,16.886,3,0,1,1, 
9,2.632,19,0,0,.001,8.807,5.897,8.026,10.658,3.16666666666667,0,1,1, 
10,2.7,18,0,0,.001,9.499,11.029,12.341,15.041,3,0,1,1, 
11,2.689,18,0,0,.001,9.67,9.258,8.978,11.667,3,0,1,1, 
12,2.683,18,0,0,.001,10.149,14.282,9.02,11.703,3,0,1,1, 
13,2.706,18,0,0,.001,9.231,11.172,11.769,14.475,3,0,1,1, 
14,2.694,18,0,0,.001,9.067,6.214,9.253,11.947,3,0,1,1, 
15,2.633,18,0,0,.001,9.199,9.879,9.084,11.717,3,0,1,1, 
16,2.706,18,0,0,.001,9.359,14.725,8.547,11.253,3,0,1,1, 
17,2.712,18,0,0,.001,9.527,11.707,12.013,14.725,3,0,1,1, 
18,2.778,18,0,0,.001,9.891,15.762,9.506,12.284,3,0,1,1, 
19,2.689,18,0,0,.001,9.369,7.452,10.17,12.859,3,0,1,1, 
20,2.694,18,0,0,.001,9.607,7.509,13.519,16.213,3,0,1,1, 
21,2.711,18,0,0,.001,9.614,7.545,8.723,11.434,3,0,1,1, 
22,2.672,18,0,0,.001,8.928,11.239,13.029,15.701,3,0,1,1, 
23,2.722,18,0,0,.001,9.252,6.964,9.375,12.097,3,0,1,1, 
24,2.717,18,0,0,.001,9.164,15.638,9.857,12.574,3,0,1,1, 
25,2.717,18,1,0,.001,9.398,10.406,10.546,13.263,3,.166666666666667,1,1, 
26,2.756,18,0,1,.001,9.229,8.058,12.506,15.262,3,0,1,1, 
27,2.7,18,0,0,.001,9.292,6.388,12.53,15.23,3,0,1,1, 
28,2.632,19,0,0,.001,9.31,5.705,12.748,15.38,3.16666666666667,0,1,1, 
29,2.733,18,0,0,.001,8.623,8.707,6.737,9.47,3,0,1,1, 
30,2.767,18,0,0,.001,9.712,11.822,7.529,10.296,3,0,1,1, 
1,2.47416073913043,69,0, , , ,15.052380952381,12.2444444444444,14.7186051835749,3.28336902212705,0,1,2,0
2,2.82420018032787,61,0, , , ,15.9461538461538,15.1826923076923,18.0068924880202,2.90268855579348,0,1,2,0
3,1.62559507042254,71,11, , , ,5.7830985915493,5.23048633802817,6.85608140845071,3.37853913871044,.510227747112575,1,2,0
4,2.0198600952381,84,0, , , ,8.26172839506173,11.9753086419753,13.9951687372134,3.9971448965025,0,1,2,0
5,1.77470816901409,71,8, , , ,9.58985507246377,5.19000275362319,6.96471092263727,3.37853913871044,.371074725172782,1,2,0
6,2.18003522222222,45,1, , , ,8.19090909090909,8.23841931818182,10.418454540404,2.14132762312634,.0463843406465977,1,2,0
7,2.93888440350877,57,1, , , ,17.5346153846154,12.0615384615385,15.0004228650472,2.7123483226267,.0463843406465977,1,2,0
8,2.94046970588235,51,8, , , ,10.6176470588235,9.10081182352941,12.0412815294118,2.42683797287652,.371074725172782,1,2,0
9,3.21365695744681,47,4, , , ,14.4595744680851,11.5879504680851,14.8016074255319,2.23649773970973,.185537362586391,1,2,0
10,2.53785924193548,62,4, , , ,11.0131147540984,8.37516018032787,10.9130194222634,2.95027361408518,.185537362586391,1,2,0
11,2.0266803164557,79,0, , , ,11.0573333333333,9.39866666666667,11.4253469831224,3.75921960504402,0,1,2,0
12,3.02978789285714,56,0, , , ,13.9788461538462,12.6923076923077,15.7220955851648,2.664763264335,0,1,2,0
13,2.71544503333334,60,3, , , ,13.0314814814815,12.533148037037,15.2485930703704,2.85510349750178,.139153021939793,1,2,0
14,2.43607822535211,71,0, , , ,13.0716417910448,10.7134328358209,13.149511061173,3.37853913871044,0,1,2,0
15,3.89766238095238,21,12, , , ,9.9952380952381,4.59570885714286,8.49337123809524,.999286224125625,.556612087759172,1,2,0
16,3.72922257894737,38,7, , , ,9.06486486486486,8.24969910810811,11.9789216870555,1.80823221508446,.324690384526184,1,2,0
17,2.65872552380952,63,1, , , ,13.77,9.87162018333333,12.5303457071429,2.99785867237687,.0463843406465977,1,2,0
18,3.87508521951219,41,3, , , ,10.6184210526316,8.02833405263158,11.9034192721438,1.95098738995955,.139153021939793,1,2,0
19,2.34465883561644,73,1, , , ,13.2694444444444,11.9527777777778,14.2974366133942,3.47370925529384,.0463843406465977,1,2,0
20,2.4382271,50,7, , , ,11.08,4.8451584,7.2833855,2.37925291458482,.324690384526184,1,2,0
21,3.33952167391304,46,6, , , ,10.2704545454545,7.00194629545455,10.3414679693676,2.18891268141803,.278306043879586,1,2,0
22,2.24505908219178,73,5, , , ,9.9625,8.79160805555555,11.0366671377473,3.47370925529384,.231921703232989,1,2,0
23,2.50514337142857,70,0, , , ,17.7393939393939,14.2045454545455,16.709688825974,3.33095408041875,0,1,2,0
24,4.545281375,24,8, , , ,7.6125,4.600858125,9.1461395,1.14204139900071,.371074725172782,1,2,0
25,3.62215452,25,8, , , ,12.9958333333333,4.83593558333333,8.45809010333333,1.18962645729241,.371074725172782,1,2,0
26,2.78401233928571,56,3, , , ,10.1017857142857,8.37654698214286,11.1605593214286,2.664763264335,.139153021939793,1,2,0
27,3.82467428205128,39,9, , , ,8.98947368421052,7.29703881578947,11.1217130978408,1.85581727337616,.417459065819379,1,2,0
28,3.42959895744681,47,6, , , ,14.1595238095238,11.6251719761905,15.0547709336373,2.23649773970973,.278306043879586,1,2,0
29,1.58623697,100,0, , , ,13.125,12.3729166666667,13.9591536366667,4.75850582916964,0,1,2,0
30,2.32899283823529,68,6, , , ,13.13125,11.261685078125,13.5906779163603,3.23578396383536,.278306043879586,1,2,0
1,2.47,20,0,0,.001,5.535,5.801,5.154,7.624,3.33333333333333,0,2,1, 
2,2.563,19,0,0,.001,5.754,4.853,6.888,9.451,3.16666666666667,0,2,1, 
3,2.49,20,0,0,.001,5.623,5.605,6.496,8.986,3.33333333333333,0,2,1, 
4,2.475,20,0,0,.001,5.393,6.042,6.482,8.957,3.33333333333333,0,2,1, 
5,2.542,19,0,0,.001,5.405,5.413,5.427,7.969,3.16666666666667,0,2,1, 
6,2.49,20,0,0,.001,5.009,5.5,5.022,7.512,3.33333333333333,0,2,1, 
7,2.464,20,0,0,.001,5.847,3.384,7.166,9.63,3.16666666666667,0,2,1, 
8,2.46,20,0,0,.001,6.083,5.364,5.66,8.12,3.33333333333333,0,2,1, 
9,2.485,20,0,0,.001,5.318,7.753,6.126,8.611,3.33333333333333,0,2,1, 
10,2.5,19,0,0,.001,5.773,4.095,8.283,10.783,3.16666666666667,0,2,1, 
11,2.465,20,0,0,.001,5.873,7.028,7.512,9.977,3.33333333333333,0,2,1, 
12,2.521,19,0,0,.001,5.682,6.163,4.518,7.039,3.16666666666667,0,2,1, 
13,2.48,20,0,0,.001,5.415,4.422,7.711,10.191,3.33333333333333,0,2,1, 
14,2.505,19,0,0,.001,5.721,6.591,6.406,8.911,3.16666666666667,0,2,1, 
15,2.526,19,0,0,.001,5.791,4.499,4.954,7.48,3.16666666666667,0,2,1, 
16,2.505,19,0,0,.001,6.103,5.599,8.635,11.14,3.16666666666667,0,2,1, 
17,2.489,19,0,0,.001,5.815,4.845,5.694,8.183,3.16666666666667,0,2,1, 
18,2.532,19,0,0,.001,5.805,3.87,4.625,7.157,3.16666666666667,0,2,1, 
19,2.47,20,0,.001,.001,5.378,5.251,5.14,7.61,3.33333333333333,0,2,1, 
20,2.521,19,0,0,.001,6.203,6.363,4.93,7.451,3.16666666666667,0,2,1, 
21,2.505,19,0,0,.001,5.814,7.375,6.631,9.136,3.16666666666667,0,2,1, 
22,2.5,19,0,0,.001,5.295,5.206,7.076,9.576,3.16666666666667,0,2,1, 
23,2.511,19,0,0,.001,6.205,10.544,5.14,7.651,3.16666666666667,0,2,1, 
24,2.537,19,0,0,.001,6.013,7.556,8.028,10.565,3.16666666666667,0,2,1, 
25,2.516,19,0,0,.001,5.934,5.707,5.702,8.218,3.16666666666667,0,2,1, 
26,2.516,19,0,0,.001,5.383,4.543,6.334,8.85,3.16666666666667,0,2,1, 
27,2.574,19,0,0,.001,5.76,6.579,6.765,9.339,3.16666666666667,0,2,1, 
28,2.485,20,0,0,.001,5.56,5.854,6.202,8.687,3.33333333333333,0,2,1, 
29,2.5,19,0,0,.001,6.179,9.671,5.391,7.891,3.16666666666667,0,2,1, 
30,2.47,20,0,0,.001,5.868,5.777,6.6,9.07,3.33333333333333,0,2,1, 
1,1.33821373846154,65,0, , , ,8.15396825396825,7.55873015873016,8.8969438971917,5.23686754753464,0,2,2,1
2,2.02968248979592,49,0, , , ,12.6479166666667,11.99375,14.0234324897959,3.94779245891073,0,2,2,1
3,1.13318964285714,70,2, , , ,5.01884057971014,4.82440623188406,5.9575958747412,5.63970351272962,.16099170892699,2,2,1
4,2.43483878947368,38,1, , , ,9.04594594594595,8.38629843243243,10.8211372219061,3.06155333548179,.0804958544634951,2,2,1
5,2.44733947368421,38,6, , , ,8.22631578947368,4.59295107894737,7.04029055263158,3.06155333548179,.482975126780971,2,2,1
6,2.12749034090909,44,2, , , ,11.1720930232558,11.5604651162791,13.6879554571882,3.54495649371576,.16099170892699,2,2,1
7,2.74258603448276,29,9, , , ,6.93793103448276,5.63418568965517,8.37677172413793,2.33644859813084,.724462690171456,2,2,1
8,3.02820283870968,31,1, , , ,9.36129032258065,8.03841296774194,11.0666158064516,2.49758298420883,.0804958544634951,2,2,1
9,2.18768166666667,42,4, , , ,8.63095238095238,6.26845121428571,8.45613288095238,3.38382210763777,.32198341785398,2,2,1
10,1.51048637288136,59,0, , , ,14.2413793103448,12.0534482758621,13.5639346487434,4.75346438930068,0,2,2,1
11,2.63927288888889,36,2, , , ,11.2694444444444,12.1411206666667,14.7803935555556,2.9004189494038,.16099170892699,2,2,1
12,2.1077111875,48,0, , , ,11.5229166666667,9.32916666666667,11.4368778541667,3.86722526587174,0,2,2,1
13,1.80688001923077,52,1, , , ,9.95490196078431,9.25098039215686,11.0578604113876,4.18949403802772,.0804958544634951,2,2,1
14,3.08916752631579,19,4, , , ,9.17894736842105,6.40085189473684,9.49001942105263,1.5307766677409,.32198341785398,2,2,1
15,2.5659858125,32,5, , , ,9.028125,6.8781074375,9.44409325,2.57815017724782,.402479272317476,2,2,1
16,1.49955780327869,61,0, , , ,11.1576271186441,12.1305084745763,13.630066277855,4.91459877537867,0,2,2,1
17,2.91197716,25,7, , , ,7.17826086956522,4.16094273913043,7.07291989913043,2.01417982597486,.563470981244466,2,2,1
18,1.89192997727273,44,5, , , ,9.88333333333333,7.53035695238095,9.42228692965368,3.54495649371576,.402479272317476,2,2,1
19,1.68031775,48,3, , , ,8.77083333333333,7.60596383333333,9.28628158333333,3.86722526587174,.241487563390485,2,2,1
20,2.3500276,40,2, , , ,9.49473684210526,9.1229347368421,11.4729623368421,3.22268772155978,.16099170892699,2,2,1
21,1.76062514,50,1, , , ,7.15918367346939,5.13460902040816,6.89523416040816,4.02835965194973,.0804958544634951,2,2,1
22,1.292176,68,0, , , ,12.0132352941176,9.78088235294118,11.0730583529412,5.47856912665163,0,2,2,1
23,2.87724716666667,18,8, , , ,4.61111111111111,2.11916122222222,4.99640838888889,1.4502094747019,.643966835707961,2,2,1
24,2.89509833333333,27,4, , , ,11.162962962963,10.1676801851852,13.0627785185185,2.17531421205285,.32198341785398,2,2,1
25,3.1094655862069,29,3, , , ,8.2,6.04894864285714,9.15841422906404,2.33644859813084,.241487563390485,2,2,1
26,2.86824194117647,17,7, , , ,4.4,1.64702564705882,4.51526758823529,1.36964228166291,.563470981244466,2,2,1
27,2.49340962162162,37,4, , , ,9.78333333333333,7.33270988888889,9.82611951051051,2.9809861424428,.32198341785398,2,2,1
28,1.38809274603175,63,0, , , ,15.1290322580645,15.3483870967742,16.7364798428059,5.07573316145665,0,2,2,1
29,2.02633630952381,42,1, , , ,10.8,11.7714285714286,13.7977648809524,3.38382210763777,.0804958544634951,2,2,1
1,1.773,26,0,0,.001,9.021,10.338,9.553,11.326,4.33333333333333,0,2,3, 
2,1.792,26,0,0,.001,8.876,5.732,8.84,10.632,4.33333333333333,0,2,3, 
3,1.738,26,0,0,.001,5.935,6.08,5.628,7.366,4.33333333333333,0,2,3, 
4,1.739,26,0,0,.001,5.684,5.143,6.634,8.373,4.33333333333333,0,2,3, 
5,1.735,26,0,0,.001,5.645,6.761,5.893,7.628,4.33333333333333,0,2,3, 
6,1.689,27,0,0,.001,5.338,6.023,6.313,8.002,4.5,0,2,3, 
7,1.727,26,0,0,.001,5.356,4.558,7.504,9.231,4.33333333333333,0,2,3, 
8,1.731,26,0,0,.001,5.701,5.038,6.7,8.431,4.33333333333333,0,2,3, 
9,1.738,26,0,0,.001,6.049,4.731,5.772,7.51,4.33333333333333,0,2,3, 
10,1.711,27,0,0,.001,5.686,4.647,5.191,6.902,4.5,0,2,3, 
11,1.715,27,0,0,.001,5.898,8.16,7.928,9.643,4.5,0,2,3, 
12,1.731,26,0,0,.001,5.825,4.845,8.04,9.771,4.33333333333333,0,2,3, 
13,1.735,26,0,0,.001,5.782,6.325,6.115,7.85,4.33333333333333,0,2,3, 
14,1.715,27,0,0,.001,5.875,6.429,7.579,9.294,4.5,0,2,3, 
15,1.7,27,0,0,.001,5.6,4.783,5.49,7.19,4.5,0,2,3, 
16,1.715,27,0,0,.001,5.673,6.431,6.687,8.402,4.5,0,2,3, 
17,1.75,26,0,0,.001,5.579,5.829,6.4,8.15,4.33333333333333,0,2,3, 
18,1.735,26,0,0,.001,5.438,6.611,4.887,6.622,4.33333333333333,0,2,3, 
19,1.711,27,0,0,.001,5.47,4.289,6.644,8.355,4.5,0,2,3, 
20,1.707,27,0,0,.001,5.296,3.701,7.42,9.127,4.5,0,2,3, 
21,1.731,26,0,0,.001,5.621,5.086,8.08,9.811,4.33333333333333,0,2,3, 
22,1.696,27,0,0,.001,5.596,5.119,7.42,9.116,4.5,0,2,3, 
23,1.746,26,0,0,.001,5.949,7.261,6.403,8.149,4.33333333333333,0,2,3, 
24,1.719,26,0,0,.001,5.909,4.956,8.361,10.08,4.33333333333333,0,2,3, 
25,1.735,26,0,0,.001,5.527,4.567,7.055,8.79,4.33333333333333,0,2,3, 
26,1.769,26,0,0,.001,5.934,5.364,5.514,7.283,4.33333333333333,0,2,3, 
27,1.704,27,0,0,.001,5.208,4.749,7.897,9.601,4.5,0,2,3, 
28,1.715,27,0,0,.001,5.708,6.671,6.959,8.674,4.5,0,2,3, 
29,1.742,26,0,0,.001,5.812,4.871,6.838,8.58,4.33333333333333,0,2,3, 
30,1.74,26,0,0,.001,5.851,4.142,6.103,7.843,4.33333333333333,0,2,3, 
1,1.35578004761905,63,7, , , , , ,4.9596573968254,4.36741767764298,.48526863084922,2,4,1
2,2.34931584090909,44,7, , , , , ,8.61580647727273,3.05025996533795,.48526863084922,2,4,1
3,2.17300798076923,52,0, , , , , ,10.5037772115385,3.60485268630849,0,2,4,1
4,1.17674059756098,82,0, , , , , ,7.97674059756098,5.68457538994801,0,2,4,1
5,1.34130444871795,78,0, , , , , ,9.1900223974359,5.40727902946274,0,2,4,1
6,2.90502740740741,27,8, , , , , ,8.42526203703704,1.87175043327556,.554592720970537,2,4,1
7,1.9632708,45,11, , , , , ,6.19415408888889,3.11958405545927,.762564991334489,2,4,1
8,1.88963871666667,60,1, , , , , ,15.90797205,4.15944540727903,.0693240901213172,2,4,1
9,2.62562484782609,46,2, , , , , ,13.5600471086957,3.18890814558059,.138648180242634,2,4,1
10,2.44508834883721,43,6, , , , , ,9.12445858139535,2.98093587521664,.415944540727903,2,4,1
11,1.42112834782609,69,6, , , , , ,6.84239944927536,4.78336221837088,.415944540727903,2,4,1
12,1.67504255384615,65,2, , , , , ,10.2302889384615,4.50606585788561,.138648180242634,2,4,1
13,1.49230688732394,71,2, , , , , ,9.14153398591549,4.92201039861352,.138648180242634,2,4,1
14,.774492455357143,112,0, , , , , ,9.21377816964286,7.76429809358752,0,2,4,1
15,.687051591666666,120,1, , , , , ,9.61703934166667,8.31889081455806,.0693240901213172,2,4,1
16,1.90365702564102,39,12, , , , , ,5.19879974358974,2.70363951473137,.831889081455806,2,4,1
17,2.49492882352941,34,9, , , , , ,7.53488761764706,2.35701906412478,.623916811091854,2,4,1
18,2.11606187272727,55,3, , , , , ,11.3407834,3.81282495667244,.207972270363951,2,4,1
19,1.20295788235294,85,0, , , , , ,8.11589905882353,5.89254766031196,0,2,4,1
20,2.06459090476191,42,7, , , , , ,6.99444121428571,2.91161178509532,.48526863084922,2,4,1
21,1.65890145454546,66,1, , , , , ,7.34038693939394,4.57538994800693,.0693240901213172,2,4,1
22,1.60220163235294,68,0, , , , , ,13.2772016323529,4.71403812824957,0,2,4,1
23,1.74165508064516,62,2, , , , , ,9.26877172580645,4.29809358752166,.138648180242634,2,4,1
24,2.03098328070175,57,0, , , , , ,12.9608078421053,3.95147313691508,0,2,4,1
25,2.39428173333333,45,1, , , , , ,7.9673682,3.11958405545927,.0693240901213172,2,4,1
26,2.204518125,48,1, , , , , ,11.321135375,3.32755632582322,.0693240901213172,2,4,1
27,3.0720207368421,38,3, , , , , ,9.78916281578947,2.63431542461005,.207972270363951,2,4,1
28,2.11564174,50,5, , , , , ,10.82907522,3.46620450606586,.346620450606586,2,4,1
29,2.3137149787234,47,1, , , , , ,10.2945057021277,3.25823223570191,.0693240901213172,2,4,1
30,1.26157895061728,81,0, , , , , ,15.7331838888889,5.61525129982669,0,2,4,1
1,2.584,19,0,0,.001,6.797,7.074,5.943,8.527, , ,3,1, 
1,2.611,19,0,0,.001,7.075,7.497,7.778,10.389, , ,3,1, 
2,2.579,19,0,0,.001,7.461,6.923,7.628,10.207, , ,3,1, 
3,2.553,19,0,0,.001,6.773,8.141,7.324,9.877, , ,3,1, 
4,2.563,19,0,0,.001,7.152,5.306,9.717,12.28, , ,3,1, 
5,2.616,19,0,0,.001,7.656,9.308,7.717,10.333, , ,3,1, 
6,2.6,19,0,0,.001,7.089,8.076,7.402,10.002, , ,3,1, 
7,2.521,19,0,0,.001,7.399,7.702,6.67,9.191, , ,3,1, 
8,2.563,19,0,0,.001,7.232,5.621,8.88,11.443, , ,3,1, 
9,2.616,19,0,0,.001,7.294,9.021,6.181,8.797, , ,3,1, 
10,2.616,19,0,0,.001,7.328,10.549,7.806,10.422, , ,3,1, 
11,2.605,19,0,0,.001,7.311,6.728,8.104,10.709, , ,3,1, 
12,2.589,19,0,0,.001,7.635,8.353,6.885,9.474, , ,3,1, 
13,2.644,18,0,0,.001,7.355,8.621,8.028,10.672, , ,3,1, 
14,2.568,19,0,0,.001,7.14,8.697,9.846,12.414, , ,3,1, 
15,2.632,19,0,0,.001,6.906,4.883,8.139,10.771, , ,3,1, 
16,2.611,19,0,0,.001,6.734,7.046,11.744,14.355, , ,3,1, 
17,2.579,19,0,0,.001,6.842,5.8,6.232,8.811, , ,3,1, 
18,2.584,19,0,0,.001,7.273,7.937,6.508,9.092, , ,3,1, 
19,2.558,19,0,0,.001,7.228,6.691,6.506,9.064, , ,3,1, 
20,2.521,19,0,0,.001,7.374,5.839,7.422,9.943, , ,3,1, 
21,2.574,19,0,0,.001,7.089,7.357,5.805,8.379, , ,3,1, 
22,2.537,19,0,0,.001,7.103,6.305,8.099,10.636, , ,3,1, 
23,2.568,19,0,0,.001,7.606,8.358,7.514,10.082, , ,3,1, 
24,2.579,19,0,0,.001,7.567,10.091,8.468,11.047, , ,3,1, 
25,2.621,19,0,0,.001,7.191,7.46,8.378,10.999, , ,3,1, 
26,2.558,19,0,0,.001,7.785,6.069,6.279,8.837, , ,3,1, 
27,2.616,19,0,0,.001,7.044,7.372,5.933,8.549, , ,3,1, 
28,2.621,19,0,0,.001,7.078,5.758,6.322,8.943, , ,3,1, 
29,2.526,19,0,0,.001,7.169,8.797,7.426,9.952, , ,3,1, 
30,2.595,19,0,0,.001,7.522,7.432,7.013,9.608, , ,3,1, 
