id,avg.offset.sd,experiment,t_mean,t_distance_in_m,avg_OT,o_distance_in_m,sdlp_per_m,avg_sdlp_ot,avg_sdlp_od
P01,.285410730625817,2,20.5828495333333,571.791560036,3.94451496666667,109.578625774,.00260462045960004,.0722407847691603,.00260072392952438
P02,.347982252868105,2,22.9948077666667,638.795759758,6.29464496666667,174.865237174,.00199000246413668,.0562221615227983,.00202399473905528
P03,.128881518037843,2,21.5074176,597.476060928,4.9725043,138.136169454,.000933003416464077,.0244948733213713,.000881815871213458
P04,.202291560742976,2,20.3464403333333,565.22411246,3.81079156666667,105.863789722,.00191086641876507,.0517011453280319,.00186123659743147
P05,.112037197688386,2,20.3196682,564.480382596,3.76545543333333,104.604351938,.00107105675445312,.0284139858495025,.00102290354283902
P06,.285973557977963,2,22.2413582,617.864930796,5.6479879,156.901103862,.00182263573001683,.0591308295819658,.00212869800012512
P07,.362892149726015,2,21.7398686666667,603.93355156,5.22029543333333,145.019807138,.00250236265574873,.0687023603454296,.00247327477551191
P08,.172795793109645,2,22.1669985666667,615.799220182,5.747283,159.65952174,.00108227678015369,.0292240619787976,.00105314690549281
P09,.034781319081305,2,18.750126,520.87850028,2.39035336666667,66.404016526,.000523783362828461,.0153287338563933,.00055183178840758
P10,.33245248997229,2,21.0679094666667,585.266524984,4.57252756666667,127.024815802,.00261722473575951,.0712042185702726,.00256669409505111
P11,.0973221617268918,2,19.1912168333333,533.13200363,2.68524646666667,74.596146844,.00130465400485655,.0363198644472909,.00130784662622574
P12,.141188725119204,2,19.8631158965517,551.797359606207,3.47039144827586,96.4074744331034,.00146449978022372,.037568425843006,.00135246256779797
P13,.122483332436855,2,19.0272867,528.578024526,2.69586656666667,74.891173222,.00163548422554121,.0433639989225081,.00156111741877965
P14,.224333826856724,2,19.8818113666667,552.316719766,3.55282916666667,98.69759425,.00227294118525816,.0636593494747177,.00229172899571271
P15,.0836418929500012,2,18.5227565333333,514.562176496,2.17928486666667,60.540533596,.0013815849973864,.0372968049189219,.0013426955169284
P16,.576765577960873,2,24.92319,692.3662182,8.5543281,237.639234618,.00242706377542417,.0702811678613809,.00253012642605354
P17,.105283565524462,2,19.7791003,549.463406334,3.37212066666667,93.67751212,.00112389369809047,.0313478394723948,.00112852487588076
P18,.21037145832922,2,19.777508,549.41917224,3.35200827586207,93.1187899034483,.00225917302563046,.0616015920307767,.00222047463214412
P19,.0796455891098539,2,19.2427769310345,534.564343144138,2.88507137931034,80.1472829172414,.000993740351648532,.0279683964821712,.00100685739314764
P20,.161959345867976,2,20.0933571,558.193460238,3.67194343333333,102.006588578,.00158773416625076,.0437074752854975,.00157346767785748
P21,.150935114052774,2,19.9554049642857,554.361149907857,3.56914875,99.150952275,.00152227599019067,.0419116850310568,.00150881834795038
P22,.140886152673107,2,19.4532742068966,540.411957467586,3.06943427586207,85.2688841834483,.00165225749137286,.0443975836162574,.00159830534903204
P23,.148261877417494,2,19.1782295,532.77121551,2.73259473333333,75.911481692,.00195308896774068,.0537885970765245,.00193638143252941
P24,.171191288627172,2,21.901418,608.42139204,5.42900266666667,150.81769408,.00113508756165152,.0305467656454835,.00109968451785284
P25,.248147251556156,2,22.1522052333333,615.388261382,5.75162026666667,159.780011008,.00155305566691776,.0420407685458301,.00151373391921015
P26,.194784059300354,2,21.0933329333333,585.972788888,4.60197333333333,127.8428192,.00152362143231236,.0423748298338664,.00152549348739263
P27,.212554297497263,2,22.7174358,631.090366524,6.3465934,176.308364652,.00120558260475506,.03379248308724,.00121652871229901
P28,.216445747644926,2,21.7910154333333,605.354408738,5.3096765,147.50281317,.00146740081082703,.0389026238735136,.00140049374953815
P29,.399998836293678,2,23.3363570666667,648.283999312,6.94391216666667,192.90187999,.00207358702939761,.0553332761889312,.00199199198876398
P30,.0848038266793003,2,18.9176579333333,525.532537388,2.46955603333333,68.604266606,.00123613050433635,.0347074159832341,.00124946731227843
P01,.281102430568183,1,31.7444035666667,881.859531082,5.39508816666667,149.87554927,.00187557231274448,.0525857219417479,.00189308922496977
P02,.356027050128342,1,28.1691870666667,782.540016712,5.41465866666667,150.41921776,.00236689869439687,.0661569619221743,.00238164522346494
P03,.206096881539258,1,26.3470593,731.921307354,2.91163536666667,80.885230486,.00254801624846615,.0677280618009647,.00243820700166036
P04,.106849189952389,1,26.6764871666667,741.07281349,3.91226973333333,108.682853192,.000983128311543573,.0275098776419409,.00099035799126807
P05,.537124298830694,1,33.0619244333333,918.460260758,8.86642796666667,246.309368914,.00218068967980765,.0570229470386314,.00205289662781181
P06,.473668666554868,1,30.6995379,852.833162862,7.829814,217.51223292,.00217766449360612,.0558218421295638,.00200960413924845
P07,.145635594915018,1,27.2939973,758.227244994,4.4425094,123.412911132,.00118006773828752,.0330888391770143,.0011911995933501
P08,.537085509140517,1,31.3633216333333,871.273074974,8.56591446666667,237.961103884,.00225703066750914,.0619146737215243,.00222892502008659
P09,.412530067564266,1,31.451882,873.73328196,8.13428916666667,225.97055305,.00182559214904867,.0493065632647963,.00177505530385312
P10,.541969074204305,1,29.3282832,814.739707296,7.6318838,212.013731964,.00255629231740674,.070652138981032,.00254347978216306
P11,.165124515531967,1,26.8917301,747.052262178,3.76713663333333,104.651055674,.00157785809678164,.0440130138349831,.00158446186619587
P12,.217779654656784,1,27.0236851666667,750.71797393,4.62689936666667,128.535264406,.0016943183309515,.0433525579344656,.00156068930107761
P13,.0988950602980399,1,24.4348585333333,678.800370056,2.50773863333333,69.664979234,.00141958070447216,.0405854818649993,.0014610811621136
P14,.276834865671968,1,27.6328132333333,767.639551622,5.35596113333333,148.788600284,.0018605919078717,.051596970437371,.00185749231710667
P15,.406228859013402,1,28.9626540666667,804.582529972,7.72163193333333,214.506935108,.00189377960581496,.0513917693098201,.00185010627150157
P16,.212586029642725,1,25.7713409666667,715.927852054,3.469439,96.38101542,.00220568364751438,.0595152933351951,.0021425355355305
P17,.190022048797265,1,27.4119177,761.503073706,5.17337176666667,143.716267678,.00132220278098938,.0370884287658124,.00133518174622443
P18,.117069290502437,1,25.3567399333333,704.410235348,3.51333846666667,97.600542604,.00119947376704071,.0321830957303568,.00115859548395073
P19,.320739297511754,1,28.6225949,795.135686322,7.04015456666667,195.575493862,.00163997692746756,.0453058433721493,.00163101066704503
P20,.185390022150923,1,27.6184730666667,767.241181792,4.21057713333333,116.969832764,.00158493876386887,.0417027561330233,.00150130783252368
P21,.469685848819602,1,32.1375358666667,892.780746376,9.0125908,250.369772424,.00187596866934955,.0546805957451668,.00196853599455143
P22,.516980222539329,1,29.1890921333333,810.872979464,6.59325846666667,183.160720204,.00282254962725375,.076937532405842,.00276975071575949
P24,.102876115906839,1,24.6985852666667,686.126698708,2.75215993333333,76.455002948,.0013455772930492,.034133169837479,.00122879613669013
P25,.500176618038555,1,27.7527396666667,770.97110794,6.34334686666667,176.218175956,.0028383940267515,.0720754986199574,.00259479104034735
P26,.328092327916785,1,26.2490254333333,729.197926538,4.8410584,134.484602352,.00243962745309709,.0626340831450327,.00225482061638411
P28,.240512362217883,1,25.7332165666667,714.868756222,4.5335709,125.942599602,.00190969825125051,.0499163457270201,.00179699175229283
P29,.146323269958593,1,24.4366988333333,678.85149359,3.49844876666667,97.186906738,.00150558624479176,.0411694049060883,.00148210740804798
P30,.271205274572532,1,25.5824887666667,710.681537938,4.81356346666667,133.720793104,.00202814587228484,.0591119641329955,.00212803235433615
P31,.136648121547046,1,24.1204919666667,670.067266834,3.2930278,91.480312284,.00149374349666431,.0395957899764491,.00142544894029875
P32,.157545385574005,1,25.8927697,719.301142266,5.09950646666667,141.664289644,.00111210373461028,.0303595679058387,.0010929458051067
